insert into RestaurantTable (TableNumber, NumberofSeats) values (1, 4);
insert into RestaurantTable (TableNumber, NumberofSeats) values (2, 6);
insert into RestaurantTable (TableNumber, NumberofSeats) values (3, 2);
insert into RestaurantTable (TableNumber, NumberofSeats) values (4, 2);
insert into RestaurantTable (TableNumber, NumberofSeats) values (5, 8);

insert into Topping (Name, Price) values ('Pepperoni', '$2.67');
insert into Topping (Name, Price) values ('Mushrooms', '$3.88');
insert into Topping (Name, Price) values ('Onions', '$3.35');
insert into Topping (Name, Price) values ('Bacon', '$3.26');
insert into Topping (Name, Price) values ('Cheese', '$4.90');
insert into Topping (Name, Price) values ('Peppers', '$3.16');
insert into Topping (Name, Price) values ('Spinach', '$4.40');

insert into Menu (Name, StartDate, EndDate, Description) values ('Classics', '2015-04-20 01:39:28', '2020-09-16 00:27:23', null);
insert into Menu (Name, StartDate, EndDate, Description) values ('Legends', '2015-06-01 04:48:16', '2020-05-20 03:25:32', null);
insert into Menu (Name, StartDate, EndDate, Description) values ('Vegetarian', '2015-05-25 03:40:47', '2020-12-07 18:20:55', null);
insert into Menu (Name, StartDate, EndDate, Description) values ('Specialty', '2015-09-22 15:37:30', '2020-05-27 07:40:03', null);
insert into Menu (Name, StartDate, EndDate, Description) values ('Lunch', '2015-03-07 03:03:42', '2020-12-05 04:29:33', null);

insert into Size (Name, Price, SizeCentimetres) values ('Small', '$15.04', 15);
insert into Size (Name, Price, SizeCentimetres) values ('Medium', '$27.38', 20);
insert into Size (Name, Price, SizeCentimetres) values ('Large', '$21.25', 40);

insert into DeliveryMan (FirstName, LastName, ContactNumber) values ('Risa', 'Hrishanok', '8939114806');
insert into DeliveryMan (FirstName, LastName, ContactNumber) values ('Ham', 'Mowsdale', '1992854507');
insert into DeliveryMan (FirstName, LastName, ContactNumber) values ('Nesta', 'Toupe', '3465531905');
insert into DeliveryMan (FirstName, LastName, ContactNumber) values ('Toni', 'Judge', '2797968243');
insert into DeliveryMan (FirstName, LastName, ContactNumber) values ('Jayme', 'Confait', '4108350500');

insert into Category (Name, Description, ParentCategoryID) values ('The Original Neapolitan', null, null);
insert into Category (Name, Description, ParentCategoryID) values ('Chicago Pizza', null, null);
insert into Category (Name, Description, ParentCategoryID) values ('Greek Pizza', null, null);
insert into Category (Name, Description, ParentCategoryID) values ('Sicilian Pizza', null, null);
insert into Category (Name, Description, ParentCategoryID) values ('California Pizza', null, null);

insert into CategoryDiscount (Name, ValidStartDate, ValidEndDate, CouponCode, DiscountPercentValue, MinimumOrderValue, CategoryID) values ('Special Offer', '2019-02-05 06:08:35', '2022-03-25 04:30:57', '63777-261', 41, '$9.09', 1);
insert into CategoryDiscount (Name, ValidStartDate, ValidEndDate, CouponCode, DiscountPercentValue, MinimumOrderValue, CategoryID) values ('Extra Discount', '2019-01-31 11:35:42', '2021-03-30 20:31:38', '65437-038', 52, '$13.54', 2);
insert into CategoryDiscount (Name, ValidStartDate, ValidEndDate, CouponCode, DiscountPercentValue, MinimumOrderValue, CategoryID) values ('One Free Pizza', '2019-06-05 06:36:34', '2022-12-13 18:00:42', '43857-0100', 32, '$13.38', 1);
insert into CategoryDiscount (Name, ValidStartDate, ValidEndDate, CouponCode, DiscountPercentValue, MinimumOrderValue, CategoryID) values ('Free Drink', '2019-06-17 23:33:11', '2023-08-10 13:01:46', '17714-045', 31, '$6.15', 1);
insert into CategoryDiscount (Name, ValidStartDate, ValidEndDate, CouponCode, DiscountPercentValue, MinimumOrderValue, CategoryID) values ('Special Offer', '2019-04-01 03:01:08', '2023-07-03 00:15:27', '0007-4885', 42, '$8.97', 1);
insert into CategoryDiscount (Name, ValidStartDate, ValidEndDate, CouponCode, DiscountPercentValue, MinimumOrderValue, CategoryID) values ('Extra Discount', '2019-01-24 13:02:45', '2021-01-16 00:38:47', '41250-679', 44, '$13.84', 1);
insert into CategoryDiscount (Name, ValidStartDate, ValidEndDate, CouponCode, DiscountPercentValue, MinimumOrderValue, CategoryID) values ('One Free Pizza', '2019-06-23 17:43:42', '2022-06-26 20:14:34', '31722-202', 31, '$8.35', 5);
insert into CategoryDiscount (Name, ValidStartDate, ValidEndDate, CouponCode, DiscountPercentValue, MinimumOrderValue, CategoryID) values ('Free Drink', '2019-07-31 07:45:33', '2021-08-29 01:40:34', '0113-0990', 37, '$14.60', 1);
insert into CategoryDiscount (Name, ValidStartDate, ValidEndDate, CouponCode, DiscountPercentValue, MinimumOrderValue, CategoryID) values ('Special Offer', '2019-09-02 09:21:57', '2022-02-09 06:56:00', '51672-1260', 38, '$5.05', 4);
insert into CategoryDiscount (Name, ValidStartDate, ValidEndDate, CouponCode, DiscountPercentValue, MinimumOrderValue, CategoryID) values ('Extra Discount', '2019-01-16 23:00:01', '2021-03-17 15:29:20', '0186-1989', 31, '$11.91', 5);

insert into Customer (FirstName, LastName, Address, Phone, BirthDate, PostalCode) values ('Rozanne', 'Benesevich', '52462 Arrowood Junction', '816-600-2075', '1993-10-06 11:20:16', '24385-021');
insert into Customer (FirstName, LastName, Address, Phone, BirthDate, PostalCode) values ('Estrella', 'Ianitti', '245 Scofield Street', '344-439-3012', '1992-03-29 07:01:09', '60637-015');
insert into Customer (FirstName, LastName, Address, Phone, BirthDate, PostalCode) values ('Lewes', 'Pirnie', '5182 Esker Court', '545-214-7512', '1995-09-20 23:41:06', '65649-101');
insert into Customer (FirstName, LastName, Address, Phone, BirthDate, PostalCode) values ('Genovera', 'O''Sheils', '100 Clemons Junction', '547-167-4685', '1979-07-17 22:19:27', '62080-8001');
insert into Customer (FirstName, LastName, Address, Phone, BirthDate, PostalCode) values ('Sharyl', 'Blind', '23463 Bartelt Pass', '361-976-8586', '1987-09-24 18:19:25', '68788-9203');
insert into Customer (FirstName, LastName, Address, Phone, BirthDate, PostalCode) values ('Morley', 'Drury', '397 Quincy Avenue', '733-936-7351', '1982-05-16 20:03:00', '0409-4056');
insert into Customer (FirstName, LastName, Address, Phone, BirthDate, PostalCode) values ('Christel', 'Edwin', '8172 Straubel Plaza', '137-197-8849', '1990-11-25 09:23:36', '36987-2563');
insert into Customer (FirstName, LastName, Address, Phone, BirthDate, PostalCode) values ('Aigneis', 'Flye', '8 Declaration Street', '886-809-2532', '1983-03-29 06:48:01', '0573-2620');
insert into Customer (FirstName, LastName, Address, Phone, BirthDate, PostalCode) values ('Elisabetta', 'Kerrigan', '4 Shoshone Street', '182-204-9479', '1991-10-27 16:55:33', '54296-3001');
insert into Customer (FirstName, LastName, Address, Phone, BirthDate, PostalCode) values ('Nanni', 'Sullens', '4357 Scoville Hill', '456-360-3888', '1981-03-24 09:39:46', '10477-2627');
insert into Customer (FirstName, LastName, Address, Phone, BirthDate, PostalCode) values ('Atalanta', 'Dearden', '57755 Lunder Trail', '962-625-3267', '1993-09-12 11:51:21', '41250-969');
insert into Customer (FirstName, LastName, Address, Phone, BirthDate, PostalCode) values ('Maybelle', 'Ellwood', '7822 Bashford Center', '789-362-8111', '1980-12-03 21:17:21', '61734-070');
insert into Customer (FirstName, LastName, Address, Phone, BirthDate, PostalCode) values ('Maitilde', 'Clausen', '146 Darwin Way', '801-544-4137', '1977-01-10 01:04:32', '52125-580');
insert into Customer (FirstName, LastName, Address, Phone, BirthDate, PostalCode) values ('Clevey', 'Arrowsmith', '357 Crest Line Circle', '628-715-1397', '1979-01-07 19:33:05', '54575-227');
insert into Customer (FirstName, LastName, Address, Phone, BirthDate, PostalCode) values ('Othilie', 'Hoyer', '093 Lien Terrace', '737-819-2802', '1992-11-19 06:13:35', '68387-560');

insert into Booking (BookingDateFrom, BookingDateTo, CustomerID, RestaurantTableID) values ('2018-06-29 22:16:21', '2019-09-18 08:44:01', 9, 3);
insert into Booking (BookingDateFrom, BookingDateTo, CustomerID, RestaurantTableID) values ('2018-12-13 02:35:51', '2019-01-28 14:42:32', 13, 2);
insert into Booking (BookingDateFrom, BookingDateTo, CustomerID, RestaurantTableID) values ('2018-08-11 20:28:07', '2019-03-30 19:52:58', 14, 1);
insert into Booking (BookingDateFrom, BookingDateTo, CustomerID, RestaurantTableID) values ('2018-11-12 03:51:39', '2019-11-01 17:26:50', 3, 2);
insert into Booking (BookingDateFrom, BookingDateTo, CustomerID, RestaurantTableID) values ('2018-01-07 05:55:51', '2019-10-15 16:24:57', 3, 3);
insert into Booking (BookingDateFrom, BookingDateTo, CustomerID, RestaurantTableID) values ('2018-06-24 05:04:00', '2018-12-29 19:03:43', 14, 2);
insert into Booking (BookingDateFrom, BookingDateTo, CustomerID, RestaurantTableID) values ('2018-03-13 14:17:50', '2019-04-03 13:42:21', 11, 4);
insert into Booking (BookingDateFrom, BookingDateTo, CustomerID, RestaurantTableID) values ('2018-11-30 17:21:20', '2019-04-05 23:56:44', 3, 2);
insert into Booking (BookingDateFrom, BookingDateTo, CustomerID, RestaurantTableID) values ('2018-12-13 23:59:32', '2019-06-01 07:34:06', 14, 5);
insert into Booking (BookingDateFrom, BookingDateTo, CustomerID, RestaurantTableID) values ('2018-09-29 05:39:34', '2019-07-08 00:01:54', 12, 2);
insert into Booking (BookingDateFrom, BookingDateTo, CustomerID, RestaurantTableID) values ('2018-07-06 17:44:01', '2019-11-16 09:42:32', 5, 4);
insert into Booking (BookingDateFrom, BookingDateTo, CustomerID, RestaurantTableID) values ('2018-01-09 15:38:11', '2019-01-13 11:08:16', 5, 4);
insert into Booking (BookingDateFrom, BookingDateTo, CustomerID, RestaurantTableID) values ('2018-01-28 15:24:57', '2019-10-21 13:23:41', 2, 5);
insert into Booking (BookingDateFrom, BookingDateTo, CustomerID, RestaurantTableID) values ('2018-01-22 07:32:31', '2018-12-30 23:20:13', 11, 1);
insert into Booking (BookingDateFrom, BookingDateTo, CustomerID, RestaurantTableID) values ('2018-03-18 14:10:54', '2019-08-18 17:32:37', 15, 2);
insert into Booking (BookingDateFrom, BookingDateTo, CustomerID, RestaurantTableID) values ('2018-07-11 10:42:25', '2019-11-11 15:23:56', 4, 4);
insert into Booking (BookingDateFrom, BookingDateTo, CustomerID, RestaurantTableID) values ('2018-06-06 01:42:42', '2019-09-03 15:58:29', 1, 1);
insert into Booking (BookingDateFrom, BookingDateTo, CustomerID, RestaurantTableID) values ('2018-01-21 02:52:46', '2019-09-26 12:04:41', 4, 5);
insert into Booking (BookingDateFrom, BookingDateTo, CustomerID, RestaurantTableID) values ('2018-06-09 04:21:59', '2019-03-08 00:32:20', 1, 4);
insert into Booking (BookingDateFrom, BookingDateTo, CustomerID, RestaurantTableID) values ('2018-04-27 17:15:50', '2019-06-07 05:27:37', 11, 3);
insert into Booking (BookingDateFrom, BookingDateTo, CustomerID, RestaurantTableID) values ('2018-03-07 04:15:10', '2019-06-18 15:31:24', 7, 2);
insert into Booking (BookingDateFrom, BookingDateTo, CustomerID, RestaurantTableID) values ('2018-04-16 09:00:54', '2019-06-22 22:41:07', 2, 1);
insert into Booking (BookingDateFrom, BookingDateTo, CustomerID, RestaurantTableID) values ('2018-06-11 10:20:06', '2019-02-27 10:58:54', 8, 4);
insert into Booking (BookingDateFrom, BookingDateTo, CustomerID, RestaurantTableID) values ('2018-02-24 15:58:29', '2019-07-10 07:54:48', 2, 5);
insert into Booking (BookingDateFrom, BookingDateTo, CustomerID, RestaurantTableID) values ('2018-09-18 06:10:28', '2019-09-27 10:50:40', 5, 2);

insert into Delivery (EstimatedDeliveryTime, ActualDeliveryTime, Address, Status, DeliveryManID) values ('2018-01-09 16:34:56', '2019-10-29 00:28:30', '02573 Manufacturers Trail', 'Delivered', 2);
insert into Delivery (EstimatedDeliveryTime, ActualDeliveryTime, Address, Status, DeliveryManID) values ('2018-08-20 15:33:45', '2019-04-11 13:36:21', '071 Porter Terrace', 'Delivered', 5);
insert into Delivery (EstimatedDeliveryTime, ActualDeliveryTime, Address, Status, DeliveryManID) values ('2018-03-08 14:38:47', '2019-02-04 04:42:15', '67 Twin Pines Lane', 'Delivered', 4);
insert into Delivery (EstimatedDeliveryTime, ActualDeliveryTime, Address, Status, DeliveryManID) values ('2018-03-02 13:20:51', '2019-04-26 22:20:22', '49466 Manley Court', 'Delivered', 5);
insert into Delivery (EstimatedDeliveryTime, ActualDeliveryTime, Address, Status, DeliveryManID) values ('2018-06-11 00:38:57', '2019-01-09 09:18:29', '47057 Cambridge Pass', 'Delivered', 4);
insert into Delivery (EstimatedDeliveryTime, ActualDeliveryTime, Address, Status, DeliveryManID) values ('2018-01-06 14:26:38', '2019-08-02 15:19:14', '4 Washington Point', 'Delivered', 3);
insert into Delivery (EstimatedDeliveryTime, ActualDeliveryTime, Address, Status, DeliveryManID) values ('2018-02-17 01:55:19', '2019-05-25 11:52:08', '478 Clemons Drive', 'Delivered', 1);
insert into Delivery (EstimatedDeliveryTime, ActualDeliveryTime, Address, Status, DeliveryManID) values ('2018-06-01 06:24:07', '2019-10-30 02:40:42', '919 Haas Street', 'Delivered', 5);
insert into Delivery (EstimatedDeliveryTime, ActualDeliveryTime, Address, Status, DeliveryManID) values ('2018-10-25 05:58:51', '2018-12-19 14:22:06', '65283 Kingsford Parkway', 'Delivered', 4);
insert into Delivery (EstimatedDeliveryTime, ActualDeliveryTime, Address, Status, DeliveryManID) values ('2018-05-21 20:20:56', '2019-08-21 19:05:52', '7145 Mcbride Park', 'Delivered', 2);
insert into Delivery (EstimatedDeliveryTime, ActualDeliveryTime, Address, Status, DeliveryManID) values ('2018-10-18 17:14:42', '2019-10-24 22:55:23', '2 Main Lane', 'Delivered', 1);
insert into Delivery (EstimatedDeliveryTime, ActualDeliveryTime, Address, Status, DeliveryManID) values ('2018-06-07 11:48:05', '2019-09-29 13:47:32', '3 Truax Parkway', 'Delivered', 5);
insert into Delivery (EstimatedDeliveryTime, ActualDeliveryTime, Address, Status, DeliveryManID) values ('2018-12-14 06:21:19', '2019-07-26 22:55:56', '8913 Hauk Court', 'Delivered', 1);
insert into Delivery (EstimatedDeliveryTime, ActualDeliveryTime, Address, Status, DeliveryManID) values ('2018-08-09 17:10:27', '2019-08-25 20:37:03', '40 Monterey Trail', 'Delivered', 5);
insert into Delivery (EstimatedDeliveryTime, ActualDeliveryTime, Address, Status, DeliveryManID) values ('2018-08-28 09:12:21', '2019-09-09 14:45:57', '3863 Truax Crossing', 'Delivered', 5);
insert into Delivery (EstimatedDeliveryTime, ActualDeliveryTime, Address, Status, DeliveryManID) values ('2018-07-16 22:16:28', '2019-02-12 09:24:16', '1431 Darwin Place', 'Delivered', 4);
insert into Delivery (EstimatedDeliveryTime, ActualDeliveryTime, Address, Status, DeliveryManID) values ('2018-03-30 20:01:38', '2019-08-20 18:46:05', '87228 Merry Place', 'Delivered', 2);
insert into Delivery (EstimatedDeliveryTime, ActualDeliveryTime, Address, Status, DeliveryManID) values ('2018-02-06 14:44:28', '2019-05-10 19:59:33', '3 Dunning Street', 'Delivered', 2);
insert into Delivery (EstimatedDeliveryTime, ActualDeliveryTime, Address, Status, DeliveryManID) values ('2018-01-29 09:16:57', '2019-10-01 05:05:23', '3 Delaware Drive', 'Delivered', 4);
insert into Delivery (EstimatedDeliveryTime, ActualDeliveryTime, Address, Status, DeliveryManID) values ('2018-11-15 07:47:53', '2019-03-22 08:15:33', '2799 Farmco Street', 'Delivered', 5);
insert into Delivery (EstimatedDeliveryTime, ActualDeliveryTime, Address, Status, DeliveryManID) values ('2018-11-02 06:14:46', '2019-05-01 10:41:46', '3888 Scofield Avenue', 'Delivered', 2);
insert into Delivery (EstimatedDeliveryTime, ActualDeliveryTime, Address, Status, DeliveryManID) values ('2017-12-25 17:15:51', '2019-04-07 03:35:14', '97 Red Cloud Street', 'Delivered', 5);
insert into Delivery (EstimatedDeliveryTime, ActualDeliveryTime, Address, Status, DeliveryManID) values ('2018-01-18 13:43:45', '2019-09-23 00:32:10', '9213 Village Green Circle', 'Delivered', 5);
insert into Delivery (EstimatedDeliveryTime, ActualDeliveryTime, Address, Status, DeliveryManID) values ('2018-07-03 01:37:20', '2019-07-06 05:47:47', '56 Mockingbird Hill', 'Delivered', 3);
insert into Delivery (EstimatedDeliveryTime, ActualDeliveryTime, Address, Status, DeliveryManID) values ('2018-06-28 10:24:11', '2019-12-09 20:42:05', '84 Spohn Junction', 'Delivered', 1);
insert into Delivery (EstimatedDeliveryTime, ActualDeliveryTime, Address, Status, DeliveryManID) values ('2018-10-03 14:09:39', '2019-02-07 04:35:52', '32 Knutson Pass', 'Delivered', 3);
insert into Delivery (EstimatedDeliveryTime, ActualDeliveryTime, Address, Status, DeliveryManID) values ('2018-02-07 08:38:06', '2019-01-13 07:11:53', '5219 Kensington Court', 'Delivered', 2);
insert into Delivery (EstimatedDeliveryTime, ActualDeliveryTime, Address, Status, DeliveryManID) values ('2018-03-12 00:18:57', '2019-04-24 06:16:03', '5059 Little Fleur Circle', 'Delivered', 1);
insert into Delivery (EstimatedDeliveryTime, ActualDeliveryTime, Address, Status, DeliveryManID) values ('2018-09-25 14:11:03', '2019-03-12 14:49:41', '6 Cardinal Way', 'Delivered', 3);
insert into Delivery (EstimatedDeliveryTime, ActualDeliveryTime, Address, Status, DeliveryManID) values ('2018-07-30 03:28:54', '2019-08-19 20:41:09', '006 Nancy Lane', 'Delivered', 5);

insert into FoodOrder (Amount, OrderType, DeliveryID, CustomerID) values (41, 'Regular', null, 12);
insert into FoodOrder (Amount, OrderType, DeliveryID, CustomerID) values (90, 'Regular', null, 15);
insert into FoodOrder (Amount, OrderType, DeliveryID, CustomerID) values (7, 'Regular', null, 12);
insert into FoodOrder (Amount, OrderType, DeliveryID, CustomerID) values (68, 'Regular', null, 13);
insert into FoodOrder (Amount, OrderType, DeliveryID, CustomerID) values (88, 'Regular', null, 5);
insert into FoodOrder (Amount, OrderType, DeliveryID, CustomerID) values (25, 'Regular', null, 2);
insert into FoodOrder (Amount, OrderType, DeliveryID, CustomerID) values (41, 'Takeout', 24, 1);
insert into FoodOrder (Amount, OrderType, DeliveryID, CustomerID) values (33, 'Takeout', 29, 8);
insert into FoodOrder (Amount, OrderType, DeliveryID, CustomerID) values (73, 'Takeout', 8, 4);
insert into FoodOrder (Amount, OrderType, DeliveryID, CustomerID) values (59, 'Regular', null, 7);
insert into FoodOrder (Amount, OrderType, DeliveryID, CustomerID) values (3, 'Takeout', 8, 8);
insert into FoodOrder (Amount, OrderType, DeliveryID, CustomerID) values (97, 'Takeout', 20, 12);
insert into FoodOrder (Amount, OrderType, DeliveryID, CustomerID) values (74, 'Regular', null, 2);
insert into FoodOrder (Amount, OrderType, DeliveryID, CustomerID) values (47, 'Takeout', 21, 9);
insert into FoodOrder (Amount, OrderType, DeliveryID, CustomerID) values (82, 'Regular', null, 7);
insert into FoodOrder (Amount, OrderType, DeliveryID, CustomerID) values (27, 'Takeout', 20, 5);
insert into FoodOrder (Amount, OrderType, DeliveryID, CustomerID) values (69, 'Takeout', 21, 11);
insert into FoodOrder (Amount, OrderType, DeliveryID, CustomerID) values (14, 'Takeout', 8, 4);
insert into FoodOrder (Amount, OrderType, DeliveryID, CustomerID) values (70, 'Takeout', 3, 10);
insert into FoodOrder (Amount, OrderType, DeliveryID, CustomerID) values (9, 'Regular', null, 5);
insert into FoodOrder (Amount, OrderType, DeliveryID, CustomerID) values (82, 'Regular', null, 1);
insert into FoodOrder (Amount, OrderType, DeliveryID, CustomerID) values (38, 'Regular', null, 8);
insert into FoodOrder (Amount, OrderType, DeliveryID, CustomerID) values (39, 'Regular', null, 12);
insert into FoodOrder (Amount, OrderType, DeliveryID, CustomerID) values (17, 'Regular', null, 9);
insert into FoodOrder (Amount, OrderType, DeliveryID, CustomerID) values (63, 'Takeout', 30, 5);
insert into FoodOrder (Amount, OrderType, DeliveryID, CustomerID) values (46, 'Regular', null, 15);
insert into FoodOrder (Amount, OrderType, DeliveryID, CustomerID) values (17, 'Takeout', 9, 13);
insert into FoodOrder (Amount, OrderType, DeliveryID, CustomerID) values (15, 'Takeout', 3, 9);
insert into FoodOrder (Amount, OrderType, DeliveryID, CustomerID) values (54, 'Regular', null, 3);
insert into FoodOrder (Amount, OrderType, DeliveryID, CustomerID) values (13, 'Takeout', 5, 10);

insert into Pizza (Name, SizeID, MenuID, CategoryID) values ('Margherita', 3, 1, 4);
insert into Pizza (Name, SizeID, MenuID, CategoryID) values ('Carbonara', 3, 1, 2);
insert into Pizza (Name, SizeID, MenuID, CategoryID) values ('Quattro Formaggi', 2, 2, 3);
insert into Pizza (Name, SizeID, MenuID, CategoryID) values ('Americana', 1, 1, 3);
insert into Pizza (Name, SizeID, MenuID, CategoryID) values ('Gorgonzola', 3, 2, 3);
insert into Pizza (Name, SizeID, MenuID, CategoryID) values ('Capricciosa', 3, 5, 4);
insert into Pizza (Name, SizeID, MenuID, CategoryID) values ('Vegetariana', 1, 4, 1);
insert into Pizza (Name, SizeID, MenuID, CategoryID) values ('Funghi', 2, 4, 3);

insert into PizzaTopping (ToppingID, PizzaID) values (1, 8);
insert into PizzaTopping (ToppingID, PizzaID) values (6, 2);
insert into PizzaTopping (ToppingID, PizzaID) values (4, 4);
insert into PizzaTopping (ToppingID, PizzaID) values (2, 6);
insert into PizzaTopping (ToppingID, PizzaID) values (6, 4);
insert into PizzaTopping (ToppingID, PizzaID) values (5, 2);
insert into PizzaTopping (ToppingID, PizzaID) values (7, 8);
insert into PizzaTopping (ToppingID, PizzaID) values (3, 1);
insert into PizzaTopping (ToppingID, PizzaID) values (6, 6);
insert into PizzaTopping (ToppingID, PizzaID) values (5, 3);
insert into PizzaTopping (ToppingID, PizzaID) values (5, 6);
insert into PizzaTopping (ToppingID, PizzaID) values (3, 2);
insert into PizzaTopping (ToppingID, PizzaID) values (1, 5);
insert into PizzaTopping (ToppingID, PizzaID) values (3, 1);
insert into PizzaTopping (ToppingID, PizzaID) values (4, 7);
insert into PizzaTopping (ToppingID, PizzaID) values (1, 6);
insert into PizzaTopping (ToppingID, PizzaID) values (6, 5);
insert into PizzaTopping (ToppingID, PizzaID) values (1, 5);
insert into PizzaTopping (ToppingID, PizzaID) values (2, 1);
insert into PizzaTopping (ToppingID, PizzaID) values (4, 8);
insert into PizzaTopping (ToppingID, PizzaID) values (3, 8);
insert into PizzaTopping (ToppingID, PizzaID) values (1, 7);
insert into PizzaTopping (ToppingID, PizzaID) values (5, 1);
insert into PizzaTopping (ToppingID, PizzaID) values (7, 4);

insert into ItemsOrder (PizzaID, FoodOrderID) values (2, 2);
insert into ItemsOrder (PizzaID, FoodOrderID) values (7, 5);
insert into ItemsOrder (PizzaID, FoodOrderID) values (2, 16);
insert into ItemsOrder (PizzaID, FoodOrderID) values (3, 6);
insert into ItemsOrder (PizzaID, FoodOrderID) values (2, 11);
insert into ItemsOrder (PizzaID, FoodOrderID) values (4, 19);
insert into ItemsOrder (PizzaID, FoodOrderID) values (8, 21);
insert into ItemsOrder (PizzaID, FoodOrderID) values (6, 12);
insert into ItemsOrder (PizzaID, FoodOrderID) values (6, 15);
insert into ItemsOrder (PizzaID, FoodOrderID) values (8, 26);
insert into ItemsOrder (PizzaID, FoodOrderID) values (6, 9);
insert into ItemsOrder (PizzaID, FoodOrderID) values (5, 27);
insert into ItemsOrder (PizzaID, FoodOrderID) values (4, 1);
insert into ItemsOrder (PizzaID, FoodOrderID) values (2, 14);
insert into ItemsOrder (PizzaID, FoodOrderID) values (7, 7);
insert into ItemsOrder (PizzaID, FoodOrderID) values (1, 11);
insert into ItemsOrder (PizzaID, FoodOrderID) values (4, 15);
insert into ItemsOrder (PizzaID, FoodOrderID) values (4, 15);
insert into ItemsOrder (PizzaID, FoodOrderID) values (1, 15);
insert into ItemsOrder (PizzaID, FoodOrderID) values (8, 3);
insert into ItemsOrder (PizzaID, FoodOrderID) values (7, 6);
insert into ItemsOrder (PizzaID, FoodOrderID) values (6, 3);
insert into ItemsOrder (PizzaID, FoodOrderID) values (8, 26);
insert into ItemsOrder (PizzaID, FoodOrderID) values (3, 3);
insert into ItemsOrder (PizzaID, FoodOrderID) values (8, 4);
insert into ItemsOrder (PizzaID, FoodOrderID) values (7, 1);
insert into ItemsOrder (PizzaID, FoodOrderID) values (1, 15);
insert into ItemsOrder (PizzaID, FoodOrderID) values (4, 2);
insert into ItemsOrder (PizzaID, FoodOrderID) values (2, 21);
insert into ItemsOrder (PizzaID, FoodOrderID) values (7, 12);
insert into ItemsOrder (PizzaID, FoodOrderID) values (4, 19);
insert into ItemsOrder (PizzaID, FoodOrderID) values (2, 19);
insert into ItemsOrder (PizzaID, FoodOrderID) values (2, 29);
insert into ItemsOrder (PizzaID, FoodOrderID) values (7, 13);
insert into ItemsOrder (PizzaID, FoodOrderID) values (3, 18);
insert into ItemsOrder (PizzaID, FoodOrderID) values (6, 9);
insert into ItemsOrder (PizzaID, FoodOrderID) values (8, 28);
insert into ItemsOrder (PizzaID, FoodOrderID) values (4, 6);
insert into ItemsOrder (PizzaID, FoodOrderID) values (8, 23);
insert into ItemsOrder (PizzaID, FoodOrderID) values (8, 9);
insert into ItemsOrder (PizzaID, FoodOrderID) values (3, 6);
insert into ItemsOrder (PizzaID, FoodOrderID) values (8, 15);
insert into ItemsOrder (PizzaID, FoodOrderID) values (4, 30);
insert into ItemsOrder (PizzaID, FoodOrderID) values (3, 20);
insert into ItemsOrder (PizzaID, FoodOrderID) values (7, 8);
insert into ItemsOrder (PizzaID, FoodOrderID) values (3, 19);
insert into ItemsOrder (PizzaID, FoodOrderID) values (8, 21);
insert into ItemsOrder (PizzaID, FoodOrderID) values (2, 11);
insert into ItemsOrder (PizzaID, FoodOrderID) values (5, 12);
insert into ItemsOrder (PizzaID, FoodOrderID) values (3, 24);
insert into ItemsOrder (PizzaID, FoodOrderID) values (1, 19);
insert into ItemsOrder (PizzaID, FoodOrderID) values (8, 5);
insert into ItemsOrder (PizzaID, FoodOrderID) values (5, 11);
insert into ItemsOrder (PizzaID, FoodOrderID) values (6, 26);
insert into ItemsOrder (PizzaID, FoodOrderID) values (2, 10);
insert into ItemsOrder (PizzaID, FoodOrderID) values (1, 24);
insert into ItemsOrder (PizzaID, FoodOrderID) values (3, 16);
insert into ItemsOrder (PizzaID, FoodOrderID) values (7, 11);
insert into ItemsOrder (PizzaID, FoodOrderID) values (1, 30);
insert into ItemsOrder (PizzaID, FoodOrderID) values (6, 3);
insert into ItemsOrder (PizzaID, FoodOrderID) values (6, 16);
insert into ItemsOrder (PizzaID, FoodOrderID) values (5, 13);
insert into ItemsOrder (PizzaID, FoodOrderID) values (5, 2);
insert into ItemsOrder (PizzaID, FoodOrderID) values (2, 26);
insert into ItemsOrder (PizzaID, FoodOrderID) values (2, 27);
insert into ItemsOrder (PizzaID, FoodOrderID) values (3, 22);
insert into ItemsOrder (PizzaID, FoodOrderID) values (1, 8);
insert into ItemsOrder (PizzaID, FoodOrderID) values (3, 10);
insert into ItemsOrder (PizzaID, FoodOrderID) values (6, 12);
insert into ItemsOrder (PizzaID, FoodOrderID) values (8, 12);